id,file_name,title,stars,tag,notes
c_id_0000,alex- _3.jpg,Much Love,3,Alex,
c_id_0001,alex- puppy.jpg,Wassup Dog,3,Alex,
c_id_0002,anteatery_cup_tower.png,The Legendary Tower,2,Misc,
c_id_0003,bo- ac_A.jpg,A,3,Bo,
c_id_0004,bo- airpods.jpg,"Hey, Look at my Airpods!",2,Bo,
c_id_0005,bo- beard.jpg,"Hey, Look at my Beard!",2,Bo,
c_id_0006,bo- bomomo.png,BOmomo,3,Bo,Too big
c_id_0007,bo- cream.jpg,"Oops, cream!",3,Bo,
c_id_0008,bo- dead_inside_outside.PNG,he's dead on the inside and the outside,2,Bo,Too big
c_id_0009,bo- death_stare.png,Death Stare,2,Bo,
c_id_0010,bo- eggplant.jpg,"Hey, Look at my Eggplant!",2,Bo,
c_id_0011,bo- full.jpg,"Oh man, I'm optimally full",3,Bo,
c_id_0012,bo- glasses.jpg,"Hey, Look at my Glasses!",2,Bo,
c_id_0013,bo- golfer_tshirt.jpg,I'm a Golfer,2,Bo,
c_id_0014,bo- high_tide.jpg,High Tide,2,Bo,
c_id_0015,bo- hs_band.jpg,Band Nerd Bo,2,Bo,
c_id_0016,bo- late_night_peace.jpg,Late Night Peace Out,2,Bo,
c_id_0017,bo- mask.jpg,Don't Forget a Mask,2,Bo,
c_id_0018,bo- no_sleep.jpg,All these beds but you still won't sleep with me,2,Bo,
c_id_0019,bo- on_the_phone.jpg,"Oh no, I Lost a Follower",3,Bo,
c_id_0020,bo- oreos_bos_cookies.jpg,Oreos > Bo's Cookies,3,Bo,
c_id_0021,bo- peace_out.jpg,Peace Out - from Bo,2,Bo,
c_id_0022,bo- red_cup.jpg,Dad Bo,3,Bo,
c_id_0023,bo- smol_version.jpg,smol Bo,3,Bo,
c_id_0024,bo- takoyaki_chef.JPG,"Hey, I'm a Takoyaki Chef!",2,Bo,
c_id_0025,bo- towel_wrap.jpg,Don't Look at me I'm Shy,3,Bo,
c_id_0026,bo- uci_commit.jpg,Commitment,3,Bo,
c_id_0027,bo- zoom.png,Bo Douglas Bramer,2,Bo,
c_id_0028,combo- ac_bed.jpg,Sleeping with the Homies,3,Combo,
c_id_0029,combo- ac_fam.JPG,Animal Crossing Party,3,Combo,
c_id_0030,combo- ac_fish.JPG,Fishing with the Homies,3,Combo,
c_id_0031,combo- among_us_steven_bo.jpg,Sus Squad,3,Combo,
c_id_0032,combo- awkward_smile.png,haha say cheese,2,Combo,
c_id_0033,combo- bo_kyran_wing_chun.jpg,wing chun,2,Combo,
c_id_0034,combo- bo_nina_spoon.png,nina spoon,3,Combo,Too big
c_id_0035,combo- bo_steven_hand_update.PNG,cookin up in the lab,2,Combo,Too big
c_id_0036,combo- bowling_in_hell.jpg,Bowling Time!,2,Combo,
c_id_0037,combo- business_casual_pho.jpg,Back to Business,3,Combo,
c_id_0038,combo- cdeeznuts.png,CDeezNuts,2,Combo,Too big
c_id_0039,combo- fire_glasses.jpg,We Fire Out Here,3,Combo,
c_id_0040,combo- flynn_steven_snapchat.JPG,It's Just Me and My Shorty,3,Combo,
c_id_0041,combo- ft_matt_bo_steven_mikey.PNG,FaceTime Time,3,Combo,Too big
c_id_0042,combo- good_day.png,Good Day,2,Combo,Too big
c_id_0043,combo- idiot.jpg,idiot,3,Combo,
c_id_0044,combo- steven_jenn_koifish.jpg,We at The Pond,2,Combo,
c_id_0045,combo- kbbq_peace.png,KBBQ peace,2,Combo,Too big
c_id_0046,combo- matt_tommy_thumbs_up.jpg,Matt & Tommy Covid Crossover,3,Combo,
c_id_0047,combo- mikey_marth_steven_min_min.png,Mikey & Steven as Smash Characters,2,Combo,
c_id_0048,combo- mikey_noah_drip_check.jpg,Mikey & Noah Drip,2,Combo,
c_id_0049,combo- mikey_porcupine_steven_dog.png,Mikey & Steven as Furries,2,Combo,
c_id_0050,combo- nina_palming_tommy.jpg,Nina palming Tommy,3,Combo,
c_id_0051,combo- patrick_alyssa_jenn_steven_poke.JPG,Poke Time,2,Combo,
c_id_0052,combo- petr_steven_jenn_will.png,Petr Weather,2,Combo,
c_id_0053,combo- piggyback_bo_will.jpg,Piggyback Attack,3,Combo,
c_id_0054,combo- rec_room_bo_steven_mikey.jpg,Rec Room,2,Combo,
c_id_0055,combo- red_bull.jpg,Red Bull Gives You Wings,3,Combo,
c_id_0056,combo- shopping.png,Shoplifters,2,Combo,Too big
c_id_0057,combo- steven_furry_with_haroon.jfif,Beauty and the Beast,3,Combo,
c_id_0058,combo- target.jpg,Caught in 4K,3,Combo,
c_id_0059,combo- uci_selfie.jpg,Fountain Selfie,3,Combo,
c_id_0060,combo- why_hello_there.png,Why Hello There,2,Combo,Too big
c_id_0061,combo- will_bo_fingerguns.jpg,Finger Guns pewpew,3,Combo,
c_id_0062,combo- will_bo_hs_band.jpg,Band Nerds,2,Combo,
c_id_0063,combo- will_nina_sleeping.jpg,Knocked Out,3,Combo,
c_id_0064,combo- will_patrick_plushie.jpg,Plushies,2,Combo,
c_id_0065,combo- will_tommy_pumpkin_patch.jpg,We're inside a pumpkin lol,2,Combo,
c_id_0066,flynn- birthday_time.jpg,Happy Birthday Flynn,3,Flynn,
c_id_0067,flynn- blurry.jpg,Blurry Flynn,2,Flynn,
c_id_0068,flynn- crossbody.JPG,Sit Back and Smile,3,Flynn,
c_id_0069,flynn- drip_check.jpg,Drip Check,2,Flynn,
c_id_0070,flynn- side_profile.jpg,Side Profile,2,Flynn,
c_id_0071,flynn- sleep.jpg,Schleep,3,Flynn,
c_id_0072,flynn- sushi.jpg,"Damn, this Sushi Bussin'",3,Flynn,
c_id_0073,flynn- waiting.jpg,Waiting for the T'sane Cashier,3,Flynn,
c_id_0074,haroon- hello.jpg,Hello?,3,Haroon,
c_id_0075,haroon- jumpscare.jpg,Jumpscare Haroon,3,Haroon,
c_id_0076,haroon- shy_guy.jpg,Shy Guy with a Shy Guy,3,Haroon,
c_id_0077,jenn- facetime.png,Pixelated Jenn,2,Jenn,
c_id_0078,jenn- hello.jpg,Hello my Friends,3,Jenn,
c_id_0079,jenn- peace.jpg,Peace Out - from Jenn,2,Jenn,
c_id_0080,matt- asmr.jpg,ASMR,3,Matt,
c_id_0081,matt- dbz.png,DBZ Matt,2,Matt,
c_id_0082,matt- petr_run.jpg,On the Run,2,Matt,
c_id_0083,matt- plushie.jpg,Seal's Best Friend,2,Matt,
c_id_0084,matt- starbucks.png,Starbucks,3,Matt,Too big
c_id_0085,matt- thumbs_up.jpg,Thumbs Up,2,Matt,
c_id_0086,matt- uci_commit.jpg,Committed,3,Matt,
c_id_0087,matt- vr.jpg,Metaverse,3,Matt,
c_id_0088,matt- widelens.jpg,Widelens Matt,3,Matt,
c_id_0089,mikey- boba.png,Boba Boba Masta Yoda,2,Mikey,Too big
c_id_0090,mikey- bread.jpg,Munching,3,Mikey,
c_id_0091,mikey- cooking.png,He's a Chef,2,Mikey,Too big
c_id_0092,mikey- corndogs.jpg,Mikey and the Weenies,3,Mikey,
c_id_0093,mikey- disappointed.jpg,Disappointment,3,Mikey,
c_id_0094,mikey- full.jpg,Stuffed,3,Mikey,
c_id_0095,mikey- i_support_daves.jpg,Dave's Hot Chicken > All,2,Mikey,
c_id_0096,mikey- its_beat_saber_i_swear.jpg,Beat Saber 240p,2,Mikey,
c_id_0097,mikey- jello_shot.jpg,Jello Shot,2,Mikey,
c_id_0098,mikey- leg.jpg,Hairy Leg,2,Mikey,
c_id_0099,mikey- mid_shoulder.png,The Shoulder,2,Mikey,
c_id_0100,mikey- philippines.jpg,In The Philippines,2,Mikey,
c_id_0101,mikey- pho_night.jpg,This Picture is Pho You,2,Mikey,
c_id_0102,mikey- phonelight.PNG,Flashlight,2,Mikey,
c_id_0103,mikey- really.png,Really?,2,Mikey,7.9 MB
c_id_0104,mikey- rec_room.png,Billiards is not a Hobby. Billiards is my Life.,2,Mikey,Too big
c_id_0105,mikey- soma.jpg,Shokugeki no Soma,2,Mikey,
c_id_0106,mikey- thats_too_small.jpg,Concerned Mikey,2,Mikey,
c_id_0107,mikey- widelens.jpg,Widelens Mikey,3,Mikey,
c_id_0108,mikey- with_fam.jpg,Mikey's Fam,2,Mikey,
c_id_0109,mikey- zotcon_vr.png,Baby's First VR,2,Mikey,
c_id_0110,nayoung- pooped.jpg,I'm Pooped,3,Nayoung,
c_id_0111,nina- aquarium.jpg,"Fish are Friends, not Food",3,Nina,no file ext
c_id_0112,nina- burger.jpg,Borgar,3,Nina,
c_id_0113,nina- chopsticks.jpg,You Caught me While I was Eating my BCD!,3,Nina,
c_id_0114,nina- gang_signs.jfif,Gang Gang,3,Nina,
c_id_0115,nina- iced.png,Iced,3,Nina,
c_id_0116,nina- pho_chef.jpg,Pho Real?,3,Nina,
c_id_0117,nina- picnic.jpg,Picnic,3,Nina,
c_id_0118,nina- red_cup_and_shrimp_toast.jfif,Shrimp Toast?,3,Nina,
c_id_0119,nina- shabu.png,That's a Lotta Beef,3,Nina,Too big
c_id_0120,nina- sharetea.jpg,OMG this gotta get on the gram,3,Nina,no file ext
c_id_0121,nina- sus.jpg,What's on Your Window?,3,Nina,
c_id_0122,noah- selfie.png,Check the Drip,3,Noah,
c_id_0123,noah- warning.jpg,Warning Sign,3,Noah,
c_id_0124,patrick- content.jpg,Patrick is Content,2,Patrick,
c_id_0125,patrick- ice_cream.jpg,Patrick likes Ice Cream,3,Patrick,
c_id_0126,patrick- ladder.jpg,Chutes and Ladders,2,Patrick,
c_id_0127,patrick- sweater.png,Who Dat,3,Patrick,Too big
c_id_0128,steven- 2008_version.JPG,Steven circa 2008,3,Steven,
c_id_0129,steven- alcoholic.jpg,Alcoholic,3,Steven,
c_id_0130,steven- arc_steven.jpg,Gains,3,Steven,
c_id_0131,steven- back_profile.png,On the Streets,2,Steven,Too big
c_id_0132,steven- bcd.JPG,"Hi Guys, I'm here at BCD!",3,Steven,
c_id_0133,steven- black_mask.JPG,Black Mask,2,Steven,
c_id_0134,steven- blinked.jpg,mid blink,2,Steven,
c_id_0135,steven- blue_mask.png,Blue Mask,2,Steven,Too big
c_id_0136,steven- boba.PNG,Slurp,2,Steven,Too big
c_id_0137,steven- covid.png,Covid is alive and well,2,Steven,Too big
c_id_0138,steven- cowboy.JPG,It's High Noon,2,Steven,
c_id_0139,steven- dat_hair_tho.jpg,Hair,3,Steven,
c_id_0140,steven- disco.png,Rave Slave,3,Steven,
c_id_0141,steven- driving.JPG,Fast and Furious,2,Steven,
c_id_0142,steven- eating.jpg,MONCh,2,Steven,
c_id_0143,steven- egg_buying.JPG,So many eggs,2,Steven,
c_id_0144,steven- eyeroll.jpg,Eyeroll,2,Steven,
c_id_0145,steven- f_boi.jpg,Sweater Weather,2,Steven,
c_id_0146,steven- golf_ball.jpg,Golf Ball,3,Steven,
c_id_0147,steven- grill.png,KBBQ @ home,2,Steven,Too big
c_id_0148,steven- judging.png,judging,2,Steven,Too big
c_id_0149,steven- mouth_cover.jpg,cough cough,2,Steven,
c_id_0150,steven- peace.png,Peace Out - from Steven,2,Steven,
c_id_0151,steven- poke.jpg,Poke ain't bad,2,Steven,
c_id_0152,steven- ponyo_pal.jpg,Ponyo Pal,2,Steven,
c_id_0153,steven- puppy_shirt.png,Pug Life,2,Steven,
c_id_0154,steven- sad_sushi.jpg,Sad Sushi,3,Steven,
c_id_0155,steven- scheming.png,Scheming,2,Steven,Too big
c_id_0156,steven- side_smile.jpg,Side Smile,2,Steven,
c_id_0157,steven- sleepy.JPG,Sleepy,3,Steven,
c_id_0158,steven- sunny.jpg,Sunny Smile,2,Steven,
c_id_0159,steven- surprised_look.jpg,Surprised Look,2,Steven,
c_id_0160,steven- thinking_about_not_being_blind.jpg,Thinking About How Nice the Picture Would be if I Wasn't BLIND,2,Steven,
c_id_0161,steven- tuxedo.jpg,Fancy Steven,3,Steven,
c_id_0162,steven- vr_coat.JPG,Link Start,3,Steven,
c_id_0163,steven- waiting.jpg,Waiting for Anything to Happen,2,Steven,
c_id_0164,steven- widelens.jpg,Widelens Steven,3,Steven,
c_id_0165,steven- zotcon_vr.png,Man's First VR,2,Steven,
c_id_0166,tim- indoor_bike.jpg,Biker Gang,2,Tim,
c_id_0167,tim- lick.jpg,Lickitung,3,Tim,
c_id_0168,tim- thumbs_up.jpg,Timmy Thumby,2,Tim,
c_id_0169,tommy- churros_with_daniel.jpg,Churros,3,Tommy,
c_id_0170,tommy- hair_dye_prep.png,I'm Ready,3,Tommy,
c_id_0171,tommy- picnic.jpg,There's a Fly in My Cup,2,Tommy,
c_id_0172,wendy- blurb.JPG,Blurb,2,Wendy,
c_id_0173,wendy- pancakes.jpg,Stacks on Stacks,3,Wendy,
c_id_0174,wendy- presenter.JPG,Hello and Welcome to my TEDTalk,3,Wendy,
c_id_0175,will- dorm_desk.jpg,"Oh, didn't see you there",3,Will,
c_id_0176,will- flipped.jpg,Fuck You Will,3,Will,
c_id_0177,will- is_that_will.jpg,Who tf is That,2,Will,
c_id_0178,will- mid_blink.jpg,haha are my eyes closed or open,3,Will,
c_id_0179,will- no_smile.jpg,Serious Will,2,Will,
c_id_0180,will- packing.jpg,Packing in More Ways than One,2,Will,
c_id_0181,will- rolling_in_grass.jpg,Ouch this grass isn't Soft,2,Will,
c_id_0182,will- sitting_but_its_birthday_time.jpg,Happy Birthday Will,3,Will,
c_id_0183,will- sitting_on_grass.jpg,Hey There,2,Will,
c_id_0184,will- sleepy_with_alyssa.jpg,How Does he Sleep like That?,3,Will,
c_id_0185,will- tongue_out.jpg,"Look, I'm Yoshi",3,Will,
c_id_0186,will- vr.jpg,GET DOWN,2,Will,
c_id_0187,will- yardhouse.jpg,glug glug,3,Will,
c_id_0188,alex- plate.jpg,Bonk,4,Alex,
c_id_0189,bo- amogus.png,Among Us - Bo,4,Bo,
c_id_0190,bo- anti_cancer.png,Anti Cancer Bo,4,Bo,
c_id_0191,bo- beach_day.JPG,Beach Day Bo,4,Bo,
c_id_0192,bo- blimp.PNG,Blimp Bo,4,Bo,
c_id_0193,bo- bo_with_mini_bos.png,Check out my Mini Bos,4,Bo,
c_id_0194,bo- braided.jpg,Braided Bo,4,Bo,
c_id_0195,bo- cast.PNG,Samus Bramer,4,Bo,
c_id_0196,bo- cilantro.jpg,Cilantro,4,Bo,
c_id_0197,bo- failed.jpg,Failure Bo,4,Bo,
c_id_0198,bo- graph_happy.jpg,Graph Happy,4,Bo,
c_id_0199,bo- graph_shocked.jpg,Graph Shocked,4,Bo,
c_id_0200,bo- hand_cast.jpg,Hi I'm Dying,4,Bo,
c_id_0201,bo- hey_horses.png,Hey is for Horses,4,Bo,
c_id_0202,bo- in_snow.jpg,Bo in the Snow,4,Bo,
c_id_0203,bo- labcoat.jpg,Chemical Engineering,4,Bo,
c_id_0204,bo- minnie.jpg,Cute Bo,4,Bo,
c_id_0205,bo- phonecase.png,I couldn't afford a phone so I just bought a case,4,Bo,
c_id_0206,bo- pocky.jpg,Pocky,4,Bo,
c_id_0207,bo- shrimp.PNG,Simp on a Shrimp,4,Bo,
c_id_0208,bo- snapchat_filter.jpg,Snapchat Filter,4,Bo,
c_id_0209,bo- the_look.jpg,The Look,4,Bo,
c_id_0210,bo- triple_threat.jpg,Triple Threat,4,Bo,
c_id_0211,bo- when_the_photographer_says_cheese.png,"When the photographer says ""Cheese""",4,Bo,
c_id_0212,combo- bo_tim_peace.jpg,I'm Out,4,Combo,
c_id_0213,combo- boba_drinkers.JPG,Boba Drinkers,4,Combo,
c_id_0214,combo- chubby_mikey_bo.JPG,Chubby Bunny,4,Combo,
c_id_0215,combo- covid_gang.png,Covid Gang,4,Combo,
c_id_0216,combo- grad_buddies.jpg,Grad Buddies,4,Combo,
c_id_0217,combo- hair_dye_night.png,Hair Dye Night,4,Combo,
c_id_0218,combo- insane_yell.jpg,Insane YELLING,4,Combo,
c_id_0219,combo- janksmas_candid_1.png,Janksmas 1,4,Combo,
c_id_0220,combo- janksmas_candid_2.png,Janksmas 2,4,Combo,
c_id_0221,combo- janksmas.png,Janksmas 3,4,Combo,
c_id_0222,combo- lighthouse.jpg,Lighthouse Cafe,4,Combo,
c_id_0223,combo- midvale.jpg,Midvale,4,Combo,
c_id_0224,combo- mikey_steven_cookies.PNG,Look at Those Cookies,4,Combo,
c_id_0225,combo- people_in_line.JPG,In a Line,4,Combo,
c_id_0226,combo- shoulder_massage.jpg,Shoulder Massage,4,Combo,
c_id_0227,combo- snack_time.jpg,Snack Time,4,Combo,
c_id_0228,combo- tote_bag.JPG,Tote Bag,4,Combo,
c_id_0229,combo- totem_pole.jpg,Totem Pole,4,Combo,
c_id_0230,combo- UCI_jerk_chicken.png,Jerk Chicken,4,Combo,
c_id_0231,combo- UCI_patty_melt.png,Patty Melt,4,Combo,
c_id_0232,combo- will_nina_gamers.png,will sun and nina nina,4,Combo,
c_id_0233,combo- you_like_that_huh.jpg,You Like that Huh?,4,Combo,
c_id_0234,elijah- amogus.png,Among Us - Elijah,4,Elijah,
c_id_0235,elijah- glaring.jpg,Glare,4,Elijah,
c_id_0236,emre- 5head.png,5Head,4,Emre,
c_id_0237,flynn- amogus.png,Among Us - Flynn,4,Flynn,
c_id_0238,flynn- dennys.jpg,Dennys Late Night,4,Flynn,
c_id_0239,flynn- snoop_dog.JPG,Snoop Dog???,4,Flynn,
c_id_0240,haroon- amogus.png,Among Us - Haroon,4,Haroon,
c_id_0241,haroon- kbbq_pay_for_your_meal.jpg,Big Boi,4,Haroon,
c_id_0242,jenn- amogus.png,Among Us - Jenn,4,Jenn,
c_id_0243,jenn- gun_shopping.png,Gun Shopping,4,Jenn,
c_id_0244,jenn- interested.jpg,Interested Jenn,4,Jenn,
c_id_0245,jenn- jurassic_world.jpg,AHHHHHHHHHHHHHHHHHH,4,Jenn,
c_id_0246,jenn- scammed.jpg,Scammed,4,Jenn,
c_id_0247,john- full.jpg,I'm Stuffed,4,John,
c_id_0248,john- punch.jpg,One Punch Man,4,John,
c_id_0249,matt- 5_26.png,5:26 AM,4,Matt,
c_id_0250,matt- im_not_gay.jpg,I'm not Gay,4,Matt,
c_id_0251,matt- phonelight.PNG,Phonelight,4,Matt,
c_id_0252,matt- sus_bathroom_activity.jpg,Sus Imposter Vented,4,Matt,
c_id_0253,matt- UCI_zoturation_II.png,Zoturation II,4,Matt,no file ext
c_id_0254,matt- yellow_converse.jpg,Yellow Converse,4,Matt,
c_id_0255,mikey- amogus.png,Among Us - Mikey,4,Mikey,
c_id_0256,mikey- arc_mikey.jpg,Arc Mikey,4,Mikey,
c_id_0257,mikey- boba2.jpg,Boba Mikey,4,Mikey,
c_id_0258,mikey- chef.PNG,Chef Mikey,4,Mikey,
c_id_0259,mikey- drawing.png,Doodle Mikey,4,Mikey,
c_id_0260,mikey- kazoo.jpg,Kazoo Mikey,4,Mikey,
c_id_0261,mikey- library.jpg,Library Mikey,4,Mikey,
c_id_0262,mikey- lightbulb.PNG,How many Mikeys does it take to screw in a Lightbulb?,4,Mikey,
c_id_0263,mikey- omen.jpg,Omen,4,Mikey,
c_id_0264,mikey- shopping_hard.jpg,Hard Shopping,4,Mikey,
c_id_0265,mikey- smol_version.jpg,Smol Mikey,4,Mikey,
c_id_0266,mikey- yellow_jacket.jpg,Alpha Mikey,4,Mikey,
c_id_0267,nayoung- made_you_look.jpg,Made You Look,4,Nayoung,
c_id_0268,nina- back_in_america.jpg,Back in America,4,Nina,
c_id_0269,nina- chewing.jpg,I'm boutta Vomit,4,Nina,
c_id_0270,nina- heart_glasses.jpg,Heart Glasses,4,Nina,
c_id_0271,nina- shocked.jpg,ohmygawsh,4,Nina,
c_id_0272,nina- stare.JPG,Cursed Nina,4,Nina,
c_id_0273,nina- zoom.jpg,Zoom Nina,4,Nina,
c_id_0274,noah- highlights.jpg,Swaggy Noah,4,Noah,
c_id_0275,patrick- dead.jpg,Dead Patrick 1,4,Patrick,
c_id_0276,patrick- sleepy.jpg,Dead Patrick 2,4,Patrick,
c_id_0277,ponyo- attack.png,she attack,4,Misc,
c_id_0278,radish.PNG,Radish,4,Misc,
c_id_0279,steven- amogus.png,Among Us - Steven,4,Steven,
c_id_0280,steven- anime.png,Anime Steven,4,Steven,
c_id_0281,steven- chef.jpg,Chef Steven,4,Steven,
c_id_0282,steven- disaster_hair.png,Disaster Hair,4,Steven,
c_id_0283,steven- edgy_tanktop.jpg,Edgy Steven,4,Steven,
c_id_0284,steven- slurp.JPG,Slurping Steven,4,Steven,
c_id_0285,steven- thug_lyfe.png,Thug Lyfe,4,Steven,
c_id_0286,steven- UCI_zoturation.png,Zoturation,4,Steven,no file ext
c_id_0287,susie- peace.jpg,Peace Out - from Susie,4,Susie,
c_id_0288,tim- 3stock.jpg,3 Stock,4,Tim,
c_id_0289,tim- big_smile.PNG,Big Tim with Big Smile,4,Tim,
c_id_0290,tim- bike.jpg,Biker Tim Comes in for a Repair,4,Tim,
c_id_0291,tim- neckless.png,No Neck Tim,4,Tim,
c_id_0292,tommy- amogus.png,Among Us - Tommy,4,Tommy,
c_id_0293,tommy- fridge.JPG,Where tf is the Milk,4,Tommy,
c_id_0294,tommy- hi_im_tommy.jpg,Hi I'm Tommy,4,Tommy,
c_id_0295,tommy- peace.png,Peace Out - from Tommy,4,Tommy,
c_id_0296,tommy- vape_place.png,Vape Tommy,4,Tommy,
c_id_0297,wendy- learn_produce.jpg,Learn Produce,4,Wendy,
c_id_0298,will- amogus.png,Among Us - Will,4,Will,
c_id_0299,will- boba.jpg,This Some Good Boba,4,Will,
c_id_0300,will- body_pillows.jpg,uwu Rem uwu,4,Will,
c_id_0301,will- cooking_like_bo.jpg,Call me Bo Bramer,4,Will,
c_id_0302,will- dillmeme.png,DillPickleDillPickleDillPickleDillPickleDillPickleDillPickle,4,Will,
c_id_0303,will- get_on_our_level.png,Get on our Level,4,Will,
c_id_0304,will- happy_birthday_poster.png,18th Birthday,4,Will,
c_id_0305,will- ice_cream_fail.jpg,I Scream,4,Will,
c_id_0306,will- ice_cream.jpg,Experienced Will,4,Will,
c_id_0307,will- its_hot.jpg,Willgasm,4,Will,
c_id_0308,will- old_facebook_pfp.jpg,Band Nerds 2,4,Will,
c_id_0309,will- panda_express.jpg,Panda,4,Will,
c_id_0310,will- pigtails.jpg,Pigtails,4,Will,
c_id_0311,will- sleepy.jpg,Sleepy Will,4,Will,
c_id_0312,will- TMNT.jpg,TMNT,4,Will,
c_id_0313,will- whistling.jpg,Whistling Will,4,Will,
c_id_0314,will- witch.jpg,Witch Will,4,Will,
c_id_0315,alex- sage.jpg,I Am Not Just Your Healer,5,Alex,
c_id_0316,bo- hospital.jpeg,The Hospital Told me to Lift My Spirits.. so I did.,5,Bo,
c_id_0317,bo- macarons.png,Macaron PTSD,5,Bo,
c_id_0318,bo- po_breamer.png,Po Breamer,5,Bo,
c_id_0319,chibi_bo.png,Chibi Bo,5,Bo,
c_id_0320,chibi_flynn.png,Chibi Flynn,5,Flynn,
c_id_0321,chibi_haroon.png,Chibi Haroon,5,Haroon,
c_id_0322,chibi_jenn.png,Chibi Jenn,5,Jenn,
c_id_0323,chibi_john.png,Chibi John,5,John,
c_id_0324,chibi_mikey.png,Chibi Mikey,5,Mikey,
c_id_0325,chibi_nina.png,Chibi Nina,5,Nina,
c_id_0326,chibi_steven.png,Chibi Steven,5,Steven,
c_id_0327,chibi_tommy.png,Chibi Tommy,5,Tommy,
c_id_0328,chibi_will.png,Chibi Will,5,Will,
c_id_0329,combo- bo_matt_blowing_smoke.jpg,Matt and Bo share their experiences,5,Combo,
c_id_0330,flynn- lighthouse_drip.jpg,Lighthouse Drip,5,Flynn,
c_id_0331,haroon- zot.JPG,Zot.,5,Haroon,
c_id_0332,jenn- iced.PNG,Jenn Iced,5,Jenn,
c_id_0333,jenn- meme.jpg,Meme Jenn,5,Jenn,
c_id_0334,john- swimmer.jpg,John Phelps,5,John,
c_id_0335,matt- carwash.png,Carwash Matt,5,Matt,
c_id_0336,matt- nose_goes.jpg,Nose Goes,5,Matt,
c_id_0337,matt- poptart.jpg,Poptart *in a British accent*,5,Matt,
c_id_0338,matt- visor.jpg,SAO Matt,5,Matt,
c_id_0339,mikey- cool.JPG,Cool Mikey,5,Mikey,
c_id_0340,mikey- fortune.jpg,You Light Up The Room With Your Smile,5,Mikey,
c_id_0341,mikey- girl.JPG,Female Mikey,5,Mikey,
c_id_0342,mikey- gottem.PNG,Gottem,5,Mikey,
c_id_0343,mikey- L.jpg,L,5,Mikey,
c_id_0344,mikey- solar_eclipse.jpg,When my Future is Too Bright,5,Mikey,
c_id_0345,mikey- yoshis.jpg,YoshiYoshiYoshiYoshiYoshiYoshiYoshiYoshiYoshiYoshi,5,Mikey,
c_id_0346,nayoung- gun.jpg,kms,5,Nayoung,
c_id_0347,nina- flossing.png,Nina Flossing,5,Nina,
c_id_0348,nina- wine_chug.png,Alcoholic Nina,5,Nina,
c_id_0349,patrick- schoolgirl.png,Female Shiffty,5,Patrick,
c_id_0350,patrick- sunglasses_pat.jpg,Patrol Patrick,5,Patrick,
c_id_0351,steven- f_u.png,f u,5,Steven,
c_id_0352,steven- f_word.PNG,Steven Slander,5,Steven,
c_id_0353,steven- game_mode.jpg,Final Form Steven,5,Steven,
c_id_0354,steven- gay.PNG,Gay Steven,5,Steven,
c_id_0355,steven- hospital.jpg,Hospitalized Steven,5,Steven,
c_id_0356,steven- sup_faggies.JPG,sup,5,Steven,
c_id_0357,tommy- hello_kitty_hat.jpg,Hello Kitty Kawaii Tommy,5,Tommy,
c_id_0358,will- beta_bitch.png,Beta Bitch,5,Will,
c_id_0359,will- thicc.jpg,Thicc Will,5,Will,
c_id_0360,bo- fingernails.jpg,Yup that's me,2,Bo,
c_id_0361,bo- gas_mask.jpg,Gas Mask Bo,3,Bo,
c_id_0362,bo- joe_bo.jpeg,Joe Bo,3,Bo,
c_id_0363,bo- labcoat_two.jpg,Labcoat Bo,2,Bo,
c_id_0364,combo- 3girls.png,Girls on the Shore,3,Combo,
c_id_0365,combo- 2019.JPG,2019,3,Combo,
c_id_0366,combo- chillin_like_villians.jpeg,Chillin' Like Villians,3,Combo,
c_id_0367,combo- flynn_bitmoji.JPG,Flynn's Bitmoji and Friends,3,Combo,
c_id_0368,combo- formal_hipster_besties.JPG,Hipsters,3,Combo,
c_id_0369,combo- grad_sheesh.jpeg,Sheesh Zot,3,Combo,
c_id_0370,combo- grouped_up.jpeg,Grouped Up,2,Combo,
c_id_0371,combo- hackathon.jpeg,Hackthon Picture,2,Combo,
c_id_0372,combo- halloween.png,Halloween Hype,2,Combo,
c_id_0373,combo- janksgiving_feast.jpeg,Janksgiving Feast,3,Combo,
c_id_0374,combo- matt_nina_joes.jpg,3-pronged Italian Ice,3,Combo,
c_id_0375,combo- mikey_sushi_wow.jpeg,WOW Sushi!,3,Combo,
c_id_0376,combo- Milk_T.JPG,Milk+T,3,Combo,
c_id_0377,combo- moorpark_grad_buddies.JPG,Moorpark Graduation Pals,3,Combo,
c_id_0378,combo- moorpark_peace.jpeg,Peace Out - from Moorparkians,3,Combo,
c_id_0379,combo- oh_look_a_loser.jpeg,"Oh Look, it's a Loser!",3,Combo,
c_id_0380,combo- paint.png,Made With Love,2,Combo,
c_id_0381,combo- peace_from_camino.jpeg,Having Fun,3,Combo,
c_id_0382,combo- poster_hanging.jpeg,Poster Hanging,3,Combo,
c_id_0383,combo- prepare_for_trouble.JPG,Prepare for Trouble,2,Combo,
c_id_0384,combo- sad_in_the_dark.JPG,Sad in the Dark,3,Combo,
c_id_0385,combo- shame.jpeg,Shame Squat,3,Combo,
c_id_0386,combo- shocked.JPG,Shocking,2,Combo,
c_id_0387,combo- steven_and_steven.jpg,Steven and Steven,3,Combo,
c_id_0388,combo- sup_my_homies.jpeg,Wassup my Homies,3,Combo,
c_id_0389,combo- technostevefriends.jpeg,Techno Steve & Friends,2,Combo,
c_id_0390,combo- tommymatt.jpeg,Tommy and Matt hate COVID,2,Combo,
c_id_0391,combo- two_little_piggies.JPG,Two Little Piggies,3,Combo,
c_id_0392,combo- universal_line.jpeg,Universal Family,3,Combo,
c_id_0393,combo- will_tommy_ghosts.JPG,Boo!,2,Combo,
c_id_0394,elijah- american_eagle.JPG,Elijah!,3,Elijah,
c_id_0395,haroon- raccoon_haroon.jpeg,Raccoon Haroon,3,Haroon,
c_id_0396,haroon- tuxedo.jpg,Tuxedo Haroon,3,Haroon,
c_id_0397,matt- you_better_love_frank_ocean.PNG,You'd better love Frank Ocean,3,Matt,File Too Big
c_id_0398,nina- interested.jpg,Interesting Post,3,Nina,
c_id_0399,noah- rosie_riveter.png,Noah Riveter,3,Noah,
c_id_0400,steven- backwards_hat.jpeg,Backwards Hat Steven,2,Steven,
c_id_0401,steven- griddle_chef.jpeg,Griddle Chef Steven,2,Steven,
c_id_0402,steven- im_a_ninja.jpeg,I'm a ninja,3,Steven,
c_id_0403,steven- ringring.jpeg,Ring Ring,2,Steven,
c_id_0404,steven- roses_are_red.jpeg,Roses are Red,3,Steven,
c_id_0405,steven- scared.jpeg,Spooked,2,Steven,
c_id_0406,steven- spam_musubi.jpeg,Spam Musubi Making,2,Steven,
c_id_0407,steven- techno.jpeg,Techno Steve,2,Steven,
c_id_0408,bo- balloon_swords.jpg,Genji Bo,4,Bo,
c_id_0409,combo- are_you_ok.png,"Nina, are you okay?",4,Combo,
c_id_0410,combo- disgusted.png,Disgusted with this Shit,4,Combo,
c_id_0411,combo- dog_ritual.jpeg,Dog Ritual,4,Combo,
c_id_0412,combo- get_away_from_me.png,Get Away From Me,4,Combo,
c_id_0413,combo- i_dont_wanna_get_lost.png,I Don't Wanna Get Lost,4,Combo,
c_id_0414,combo- laughing_hurts.JPG,Laughing Hurts,4,Combo,
c_id_0415,combo- mikey_flynn_nerf_buddies.jpg,Double O Seven,4,Combo,
c_id_0416,combo- spikeball.jpeg,Spikeball,4,Combo,
c_id_0417,elijah- elijah_stand.png,Elijah Stand,4,Elijah,
c_id_0418,haroon- feasting_kbbq.jpeg,KBBQ Feasting,4,Haroon,
c_id_0419,haroon- makeup.JPG,Makeup Haroon,4,Haroon,
c_id_0420,matt- female_matt.png,Female Matt,4,Matt,
c_id_0421,matt- good_morning.jpg,Good Morning,4,Matt,
c_id_0422,nayoung- clout_game_strong.jpg,Clout,4,Nayoung,
c_id_0423,nina- lunch_break.png,Lunch Break,4,Nina,
c_id_0424,steven- cars_ride.JPG,Vroom,4,Steven,
c_id_0425,steven- female_steven.png,Stephanie,4,Steven,
c_id_0426,steven- pool_shitting.jpg,Shitting in the Pool,4,Steven,
c_id_0427,tommy- pumpkin_stack.jpg,Pumpkin Stack,4,Tommy,
c_id_0428,will- furry_club.JPG,Furry Club Will,4,Will,
c_id_0429,will- tuba.jpg,Tuba Will,4,Will,
c_id_0430,haroon- big_dick_haroon.jpeg,Big Dick Haroon,5,Haroon,
c_id_0431,john- sandy_ass.jpeg,Sandy Ass John,5,John,
c_id_0432,nina- kayak.jpg,Kayaking Nina,5,Nina,
c_id_0433,ashwin- failed.JPG,Failure Ashwin,3,Ashwin,
c_id_0434,combo- boo_i_scared_you.JPG,Steven Surprise,2,Combo,
c_id_0435,combo- coaster.JPG,Coaster,3,Combo,
c_id_0436,combo- dland.JPG,D Land,2,Combo,
c_id_0437,combo- dland2.JPG,D Land 2,2,Combo,
c_id_0438,combo- double_v_chin.jpeg,Double Check Chin,2,Combo,
c_id_0439,combo- fancy_zotters.JPG,Fancy Zotters,3,Combo,
c_id_0440,combo- friendship.JPG,Friendship,2,Combo,
c_id_0441,combo- friendzone.JPG,Friendzone,3,Combo,
c_id_0442,combo- frozen_lemonade.JPG,Frozen Lemonade,2,Combo,
c_id_0443,combo- goin_up.jpeg,Goin' Up?,3,Combo,
c_id_0444,combo- grad_pose_fun.JPG,Grad Pose Fun,3,Combo,
c_id_0445,combo- haha_look_lame.JPG,haha this guy sucks,3,Combo,
c_id_0446,combo- in_line.PNG,Hello pls pick up,4,Combo,
c_id_0447,combo- judging_nay.JPG,Judging Nayoung,2,Combo,
c_id_0448,combo- kawaii_filter.JPG,Kawaii Filter,3,Combo,
c_id_0449,combo- korean_heart.JPG,Korean Heart,2,Combo,
c_id_0450,combo- lookoverthere.jpeg,Look Over There,2,Combo,
c_id_0451,combo- mattandnayoung.JPG,Matt and Nayoung,2,Combo,
c_id_0452,combo- mattandnayoung2.jpeg,Matt and Nayoung 2,2,Combo,
c_id_0453,combo- mirror_shot.jpeg,Mirror Shot,3,Combo,
c_id_0454,combo- on_the_wheel.jpeg,On the Wheel,2,Combo,
c_id_0455,combo- peacepeace.JPG,Peace Peace,2,Combo,
c_id_0456,combo- picture_of_picture.JPG,Picture of a Picture,2,Combo,
c_id_0457,combo- purikura1.JPG,Purikura 1,3,Combo,
c_id_0458,combo- purikura2.JPG,Purikura 2,3,Combo,
c_id_0459,combo- purikura3.JPG,Purikura 3,3,Combo,
c_id_0460,combo- purikura4.JPG,Purikura 4,3,Combo,
c_id_0461,combo- purikura5.JPG,Purikura 5,3,Combo,
c_id_0462,combo- reflections.JPG,Reflections,2,Combo,
c_id_0463,combo- rush.jpeg,Rush,2,Combo,
c_id_0464,combo- screaming_matt.jpeg,Screaming Matt,3,Combo,
c_id_0465,combo- selfie_naymatt.jpeg,NayMatt,2,Combo,
c_id_0466,combo- sitting_chilling.JPG,Sitting and Chilling,2,Combo,
c_id_0467,combo- splash.JPG,Splash,3,Combo,
c_id_0468,combo- staircase_friends.JPG,Staircase Friends,2,Combo,
c_id_0469,combo- swaggy_pose.JPG,Swaggy Pose,2,Combo,
c_id_0470,combo- target_time.JPG,Target Time,2,Combo,
c_id_0471,combo- visitors.JPG,Visitors,2,Combo,
c_id_0472,combo- waiting_sushi.jpeg,Waiting for Sushi,2,Combo,
c_id_0473,combo- wowow.PNG,Nayoung Hyped,2,Combo,
c_id_0474,elijah- hold_my_zot2.JPG,Hold My Zot - Ellijah,3,Elijah,
c_id_0475,haroon- audacity.jpeg,Audacity,2,Haroon,
c_id_0476,haroon- grad_ready.jpeg,Grad Ready Haroon,2,Haroon,
c_id_0477,haroon- irides.jpeg,iridescence Haroon,2,Haroon,
c_id_0478,haroon- youre_joking.JPG,Shook Haroon,2,Haroon,
c_id_0479,matt- angel.JPG,Angel Matt,2,Matt,
c_id_0480,matt- comfy.jpeg,Comfy Matt,2,Matt,
c_id_0481,matt- concerned.JPG,Concerned Matt,2,Matt,
c_id_0482,matt- garden.JPG,Garden Matt,2,Matt,
c_id_0483,matt- genji.JPG,Genji Matt,3,Matt,
c_id_0484,matt- happy_new_year_hat.jpeg,Happy New Year Hat,3,Matt,
c_id_0485,matt- inventor.JPG,Inventor Matt,3,Matt,
c_id_0486,matt- obama.jpeg,Obama and VP Matt,3,Matt,
c_id_0487,matt- ramen_matt.JPG,Ramen Matt,2,Matt,
c_id_0488,matt- too_sunny.jpeg,Too Sunny,2,Combo,
c_id_0489,matt- upset.JPG,Upset Matt,3,Matt,
c_id_0490,misc- bonnieandmary.jpeg,Bonnie and Mary,3,Misc,
c_id_0491,misc- vrchat.jpeg,VRChat,3,Misc,
c_id_0492,nayoung- cursed.PNG,Cursed Nayoung,4,Nayoung,
c_id_0493,nayoung- dont_look.jpeg,Dont Look,3,Nayoung,
c_id_0494,nayoung- eyes.jpeg,Glaring Nayoung,3,Nayoung,
c_id_0495,nayoung- flipping.jpg,Flipping Nayoung,2,Nayoung,
c_id_0496,nayoung- hold_my_zot.JPG,Hold My Zot - Nayoung,4,Nayoung,
c_id_0497,nayoung- jungkook_shook.JPG,Nayoung JungShook,4,Nayoung,
c_id_0498,nayoung- nooo.jpeg,Noooooooooooooo,4,Nayoung,
c_id_0499,Nayoung- phone_case.jpeg,Hi Hello,2,Nayoung,
c_id_0500,nayoung- up_the_slide.jpeg,Climbing Up the Slide,3,Nayoung,
c_id_0501,nayoung- zot.JPG,Zotting Nayoung,3,Nayoung,
c_id_0502,steven- sad_with_towel.JPG,Sad Steven with Towel,4,Steven,
c_id_0503,steven- squat.jpeg,Squatting Steven,2,Steven,
c_id_0504,steven- swingset.JPG,Swingset Steven,2,Steven,
c_id_0505,flynn- split_conversion_gif.gif,Flynn Bowling Popoff,6,Flynn,
c_id_0506,haroon- jumpscare_gif.gif,Haroon Jumpscare,6,Haroon,
c_id_0507,jenn- iced_gif.gif,Iced Up,6,Jenn,
c_id_0508,kiki_u_good_bro_gif.gif,Kiki,6,Misc,
c_id_0509,matt- vr_pong_gif.gif,Matt Metaverse,6,Matt,
c_id_0510,matt- fish_gif.gif,Matt = Fish,6,Matt,
c_id_0511,mikey- arc_mikey_gif.gif,Arc Mikey Animated,6,Mikey,
c_id_0512,mikey- basketball_mikey_gif.gif,Basketball Mikey,6,Mikey,
c_id_0513,mikey- bowling_gif.gif,Bowling Mikey,6,Mikey,
c_id_0514,mikey- vr_gangnam_gif.gif,Gangnam Style Mikey,6,Mikey,
c_id_0515,nina- flossing_gif.gif,Nina Flossing Animated,6,Nina,
c_id_0516,steven- am_i_oh_hello.gif,"Am I, oh hello there",6,Steven,
c_id_0517,will- beat_saber_gif.gif,Will Beat Saber,6,Will,
c_id_0518,combo- zot_gif.gif,Zot Squad,6,Combo,
c_id_0519,combo- hae_jang_chon_gif.gif,HJC Shoulders,6,Combo,
c_id_0520,steven- sugar_gif.gif,Inhaling Sugar,6,Combo,
c_id_0521,bo- cane_gif.gif,Bo and Cane,6,Bo,
c_id_0522,combo- john_slaps_gif.gif,John Slaps Flynn,6,Combo,
c_id_0523,flynn- vr_chat_sus_gif.gif,Spicy VRChat,6,Flynn,
c_id_0524,combo- star_bbq_gif.gif,KBBQ Hangout,6,Combo,
c_id_0525,nayoung- korean_snack_gif.gif,Korean Snack,6,Nayoung,
c_id_0526,matt- silent_disco_gif.gif,Silent Disco,6,Matt,
c_id_0527,haroon- hot_shot_gif.gif,Buckets,6,Haroon,